Asset_Name,CVE_ID,CVSS_Version,CVSS_Score,CVSS_Severity,Asset_Criticality,Exposure_Factor,BRS,BRS_Classification,Published_Date,Description
AcmePay Web Application,CVE-1999-1412,2.0,5.0,Medium,5,1.0,5.0,Medium,1999-06-03,"A possible interaction between Apple MacOS X release 1.0 and Apache HTTP server allows remote attackers to cause a denial of service (crash) via a flood of HTTP GET requests to CGI programs, which gen"
AcmePay Web Application,CVE-2000-0505,2.0,5.0,Medium,5,1.0,5.0,Medium,2000-05-31,The Apache 1.3.x HTTP server for Windows platforms allows remote attackers to list directory contents by requesting a URL containing a large number of / characters.
AcmePay Web Application,CVE-2000-1168,2.0,7.5,High,5,1.0,7.5,High,2001-01-09,IBM HTTP Server 1.3.6 (based on Apache) allows remote attackers to cause a denial of service and possibly execute arbitrary commands via a long GET request.
AcmePay Web Application,CVE-2001-1556,2.0,5.0,Medium,5,1.0,5.0,Medium,2001-12-31,"The log files in Apache web server contain information directly supplied by clients and does not filter or quote control characters, which could allow remote attackers to hide HTTP requests and spoof "
AcmePay Web Application,CVE-2002-0240,2.0,5.0,Medium,5,1.0,5.0,Medium,2002-05-29,"PHP, when installed with Apache and configured to search for index.php as a default web page, allows remote attackers to obtain the full pathname of the server via the HTTP OPTIONS method, which revea"
AcmePay Web Application,CVE-2002-1157,2.0,7.5,High,5,1.0,7.5,High,2002-11-04,"Cross-site scripting vulnerability in the mod_ssl Apache module 2.8.9 and earlier, when UseCanonicalName is off and wildcard DNS is enabled, allows remote attackers to execute script as other web site"
AcmePay Web Application,CVE-2002-1793,2.0,5.0,Medium,5,1.0,5.0,Medium,2002-12-31,"HTTP Server mod_ssl module running on HP-UX 11.04 with Virtualvault OS (VVOS) 4.5 through 4.6 closes the connection when the Apache server times out during an SSL request, which may allow attackers to"
AcmePay Web Application,CVE-2002-2007,2.0,5.0,Medium,5,1.0,5.0,Medium,2002-12-31,"The default installations of Apache Tomcat 3.2.3 and 3.2.4 allows remote attackers to obtain sensitive system information such as directory listings and web root path, via erroneous HTTP requests for "
AcmePay Web Application,CVE-2003-0249,2.0,7.5,High,5,1.0,7.5,High,2003-12-31,"PHP treats unknown methods such as ""PoSt"" as a GET request, which could allow attackers to intended access restrictions if PHP is running on a server that passes on all methods, such as Apache httpd 2"
AcmePay Web Application,CVE-2003-1307,2.0,4.3,Medium,5,1.0,4.3,Medium,2003-12-31,"The mod_php module for the Apache HTTP Server allows local users with write access to PHP scripts to send signals to the server's process group and use the server's file descriptors, as demonstrated b"
Payment Gateway API,CVE-2009-2629,2.0,7.5,High,5,1.0,7.5,High,2009-09-15,"Buffer underflow in src/http/ngx_http_parse.c in nginx 0.1.0 through 0.5.37, 0.6.x before 0.6.39, 0.7.x before 0.7.62, and 0.8.x before 0.8.15 allows remote attackers to execute arbitrary code via cra"
Payment Gateway API,CVE-2009-3896,2.0,5.0,Medium,5,1.0,5.0,Medium,2009-11-24,"src/http/ngx_http_parse.c in nginx (aka Engine X) 0.1.0 through 0.4.14, 0.5.x before 0.5.38, 0.6.x before 0.6.39, 0.7.x before 0.7.62, and 0.8.x before 0.8.14 allows remote attackers to cause a denial"
Payment Gateway API,CVE-2009-3898,2.0,4.9,Medium,5,1.0,4.9,Medium,2009-11-24,"Directory traversal vulnerability in src/http/modules/ngx_http_dav_module.c in nginx (aka Engine X) before 0.7.63, and 0.8.x before 0.8.17, allows remote authenticated users to create or overwrite arb"
Payment Gateway API,CVE-2009-4487,2.0,6.8,Medium,5,1.0,6.8,High,2010-01-13,"nginx 0.7.64 writes data to a log file without sanitizing non-printable characters, which might allow remote attackers to modify a window's title, or possibly execute arbitrary commands or overwrite f"
Payment Gateway API,CVE-2010-2263,2.0,5.0,Medium,5,1.0,5.0,Medium,2010-06-15,"nginx 0.8 before 0.8.40 and 0.7 before 0.7.66, when running on Windows, allows remote attackers to obtain source code or unparsed content of arbitrary files under the web document root by appending ::"
Payment Gateway API,CVE-2010-2266,2.0,5.0,Medium,5,1.0,5.0,Medium,2010-06-15,"nginx 0.8.36 allows remote attackers to cause a denial of service (crash) via certain encoded directory traversal sequences that trigger memory corruption, as demonstrated using the ""%c0.%c0."" sequenc"
Payment Gateway API,CVE-2011-4315,2.0,6.8,Medium,5,1.0,6.8,High,2011-12-08,Heap-based buffer overflow in compression-pointer processing in core/ngx_resolver.c in nginx before 1.0.10 allows remote resolvers to cause a denial of service (daemon crash) or possibly have unspecif
Payment Gateway API,CVE-2012-1180,2.0,5.0,Medium,5,1.0,5.0,Medium,2012-04-17,"Use-after-free vulnerability in nginx before 1.0.14 and 1.1.x before 1.1.17 allows remote HTTP servers to obtain sensitive information from process memory via a crafted backend response, in conjunctio"
Payment Gateway API,CVE-2012-2089,2.0,6.8,Medium,5,1.0,6.8,High,2012-04-17,"Buffer overflow in ngx_http_mp4_module.c in the ngx_http_mp4_module module in nginx 1.0.7 through 1.0.14 and 1.1.3 through 1.1.18, when the mp4 directive is used, allows remote attackers to cause a de"
Payment Gateway API,CVE-2011-4963,2.0,5.0,Medium,5,1.0,5.0,Medium,2012-07-26,"nginx/Windows 1.3.x before 1.3.1 and 1.2.x before 1.2.1 allows remote attackers to bypass intended access restrictions and access restricted files via (1) a trailing . (dot) or (2) certain ""$index_all"
Authentication Server,CVE-1999-0428,2.0,7.5,High,5,0.7,5.25,Medium,1999-03-22,OpenSSL and SSLeay allow remote attackers to reuse SSL sessions and bypass access controls.
Authentication Server,CVE-2000-0535,2.0,5.0,Medium,5,0.7,3.5,Low,2000-06-12,"OpenSSL 0.9.4 and OpenSSH for FreeBSD do not properly check for the existence of the /dev/random or /dev/urandom devices, which are absent on FreeBSD Alpha systems, which causes them to produce weak k"
Authentication Server,CVE-2001-1141,2.0,5.0,Medium,5,0.7,3.5,Low,2001-07-10,"The Pseudo-Random Number Generator (PRNG) in SSLeay and OpenSSL before 0.9.6b allows attackers to use the output of small PRNG requests to determine the internal state information, which could be used"
Authentication Server,CVE-2002-0655,2.0,7.5,High,5,0.7,5.25,Medium,2002-08-12,"OpenSSL 0.9.6d and earlier, and 0.9.7-beta2 and earlier, does not properly handle ASCII representations of integers on 64 bit platforms, which could allow attackers to cause a denial of service and po"
Authentication Server,CVE-2002-0656,2.0,7.5,High,5,0.7,5.25,Medium,2002-08-12,"Buffer overflows in OpenSSL 0.9.6d and earlier, and 0.9.7-beta2 and earlier, allow remote attackers to execute arbitrary code via (1) a large client master key in SSL2 or (2) a large session ID in SSL"
Authentication Server,CVE-2002-0657,2.0,7.5,High,5,0.7,5.25,Medium,2002-08-12,"Buffer overflow in OpenSSL 0.9.7 before 0.9.7-beta3, with Kerberos enabled, allows attackers to execute arbitrary code via a long master key."
Authentication Server,CVE-2002-0659,2.0,5.0,Medium,5,0.7,3.5,Low,2002-08-12,"The ASN1 library in OpenSSL 0.9.6d and earlier, and 0.9.7-beta2 and earlier, allows remote attackers to cause a denial of service via invalid encodings."
Authentication Server,CVE-2003-0078,2.0,5.0,Medium,5,0.7,3.5,Low,2003-03-03,"ssl3_get_record in s3_pkt.c for OpenSSL before 0.9.7a and 0.9.6 before 0.9.6i does not perform a MAC computation if an incorrect block cipher padding is used, which causes an information leak (timing "
Authentication Server,CVE-2003-0131,2.0,7.5,High,5,0.7,5.25,Medium,2003-03-24,"The SSL and TLS components for OpenSSL 0.9.6i and earlier, 0.9.7, and 0.9.7a allow remote attackers to perform an unauthorized RSA private key operation via a modified Bleichenbacher attack that uses "
Authentication Server,CVE-2003-0147,2.0,5.0,Medium,5,0.7,3.5,Low,2003-03-31,"OpenSSL does not use RSA blinding by default, which allows local and remote attackers to obtain the server's private key by determining factors using timing differences on (1) the number of extra redu"
Customer PII Database,CVE-1999-1188,2.0,4.6,Medium,5,0.4,1.84,Low,1998-12-27,"mysqld in MySQL 3.21 creates log files with world-readable permissions, which allows local users to obtain passwords for users who are added to the user database."
Customer PII Database,CVE-1999-0652,N/A,0.0,None,5,0.4,0.0,Low,1999-01-01,"Rejected reason: DO NOT USE THIS CANDIDATE NUMBER.  ConsultIDs: None.  Reason: this candidate is solely about a configuration that does not directly introduce security vulnerabilities, so it is more a"
Customer PII Database,CVE-2000-0045,2.0,6.4,Medium,5,0.4,2.56,Low,2000-01-11,MySQL allows local users to modify passwords for arbitrary MySQL users via the GRANT privilege.
Customer PII Database,CVE-2000-0148,2.0,7.5,High,5,0.4,3.0,Low,2000-02-08,MySQL 3.22 allows remote attackers to bypass password authentication and access a database via a short check string.
Customer PII Database,CVE-2000-0707,2.0,7.5,High,5,0.4,3.0,Low,2000-10-20,"PCCS MySQLDatabase Admin Tool Manager 1.2.4 and earlier installs the file dbconnect.inc within the web root, which allows remote attackers to obtain sensitive information such as the administrative pa"
Customer PII Database,CVE-2000-0957,2.0,7.5,High,5,0.4,3.0,Low,2000-12-19,"The pluggable authentication module for mysql (pam_mysql) before 0.4.7 does not properly cleanse user input when constructing SQL statements, which allows attackers to obtain plaintext passwords or ha"
Customer PII Database,CVE-2000-0981,2.0,7.2,High,5,0.4,2.88,Low,2000-12-19,MySQL Database Engine uses a weak authentication method which leaks information that could be used by a remote attacker to recover the password.
Customer PII Database,CVE-2001-1044,2.0,7.5,High,5,0.4,3.0,Low,2001-01-11,"Basilix Webmail 0.9.7beta, and possibly other versions, stores *.class and *.inc files under the document root and does not restrict access, which could allows remote attackers to obtain sensitive inf"
Customer PII Database,CVE-2001-1275,2.0,7.2,High,5,0.4,2.88,Low,2001-01-19,MySQL before 3.23.31 allows users with a MySQL account to use the SHOW GRANTS command to obtain the encrypted administrator password from the mysql.user table and possibly gain privileges via password
Customer PII Database,CVE-2001-1274,2.0,7.5,High,5,0.4,3.0,Low,2001-01-23,Buffer overflow in MySQL before 3.23.31 allows attackers to cause a denial of service and possibly gain privileges.
AWS Production Environment,CVE-2015-3373,2.0,5.0,Medium,5,1.0,5.0,Medium,2015-04-21,"The Amazon AWS module before 7.x-1.3 for Drupal uses the base URL and AWS access key to generate the access token, which makes it easier for remote attackers to guess the token value and create backup"
AWS Production Environment,CVE-2017-9450,3.0,7.8,High,5,1.0,7.8,High,2017-10-30,The Amazon Web Services (AWS) CloudFormation bootstrap tools package (aka aws-cfn-bootstrap) before 1.4-19.10 allows local users to execute arbitrary code with root privileges by leveraging the abilit
AWS Production Environment,CVE-2018-9057,3.0,9.8,Critical,5,1.0,9.8,Critical,2018-03-27,"aws/resource_aws_iam_user_login_profile.go in the HashiCorp Terraform Amazon Web Services (AWS) provider through v1.12.0 has an inappropriate PRNG algorithm and seeding, which makes it easier for remo"
AWS Production Environment,CVE-2018-15869,3.0,5.3,Medium,5,1.0,5.3,Medium,2018-08-25,"An Amazon Web Services (AWS) developer who does not specify the --owners flag when describing images via AWS CLI, and therefore not properly validating source software per AWS recommended security bes"
AWS Production Environment,CVE-2018-16528,3.0,8.1,High,5,1.0,8.1,Critical,2018-12-06,Amazon Web Services (AWS) FreeRTOS through 1.3.1 allows remote attackers to execute arbitrary code because of mbedTLS context object corruption in prvSetupConnection and GGD_SecureConnect_Connect in A
AWS Production Environment,CVE-2018-19981,3.0,7.2,High,5,1.0,7.2,High,2019-04-04,Amazon AWS SDK <=2.8.5 for Android uses Android SharedPreferences to store plain text AWS STS Temporary Credentials retrieved by AWS Cognito Identity Service. An attacker can use these credentials to 
AWS Production Environment,CVE-2020-2090,3.1,8.8,High,5,1.0,8.8,Critical,2020-01-15,A cross-site request forgery vulnerability in Jenkins Amazon EC2 Plugin 1.47 and earlier allows attackers to connect to an attacker-specified URL within the AWS region using attacker-specified credent
AWS Production Environment,CVE-2020-2091,3.1,8.1,High,5,1.0,8.1,Critical,2020-01-15,A missing permission check in Jenkins Amazon EC2 Plugin 1.47 and earlier allows attackers with Overall/Read permission to connect to an attacker-specified URL within the AWS region using attacker-spec
AWS Production Environment,CVE-2019-14652,3.1,6.1,Medium,5,1.0,6.1,High,2020-02-13,explorer.js in Amazon AWS JavaScript S3 Explorer (aka aws-js-s3-explorer) v2 alpha before 2019-08-02 allows XSS in certain circumstances.
AWS Production Environment,CVE-2020-27174,3.1,7.5,High,5,1.0,7.5,High,2020-10-16,"In Amazon AWS Firecracker before 0.21.3, and 0.22.x before 0.22.1, the serial console buffer can grow its memory usage without limit when data is sent to the standard input. This can result in a memor"
Developer Laptops,CVE-2002-0131,2.0,5.0,Medium,3,0.7,2.1,Low,2002-03-25,"ActivePython ActiveX control for Python in the AXScript package, when used in Internet Explorer, does not prevent a script from reading files from the client's filesystem, which allows remote attacker"
Developer Laptops,CVE-2002-1119,2.0,4.6,Medium,3,0.7,1.93,Low,2002-10-04,"os._execvpe from os.py in Python 2.2.1 and earlier creates temporary files with predictable names, which could allow local users to execute arbitrary code via a symlink attack."
Developer Laptops,CVE-2004-0150,2.0,7.5,High,3,0.7,3.15,Low,2004-04-15,"Buffer overflow in the getaddrinfo function in Python 2.2 before 2.2.2, when IPv6 support is disabled, allows remote attackers to execute arbitrary code via an IPv6 address that is obtained using DNS."
Developer Laptops,CVE-2005-0089,2.0,7.5,High,3,0.7,3.15,Low,2005-05-02,"The SimpleXMLRPCServer library module in Python 2.2, 2.3 before 2.3.5, and 2.4, when used by XML-RPC servers that use the register_instance method to register an object without a _dispatch method, all"
Developer Laptops,CVE-2005-0852,2.0,2.1,Low,3,0.7,0.88,Low,2005-05-02,"Microsoft Windows XP SP1 allows local users to cause a denial of service (system crash) via an empty datagram to a raw IP over IP socket (IP protocol 4), as originally demonstrated using code in Pytho"
Developer Laptops,CVE-2005-1632,2.0,7.2,High,3,0.7,3.02,Low,2005-05-17,"Cheetah 0.9.15 and 0.9.16 searches the /tmp directory for modules before using the paths in the PYTHONPATH variable, which allows local users to execute arbitrary code via a malicious module in /tmp/."
Developer Laptops,CVE-2005-2483,2.0,7.5,High,3,0.7,3.15,Low,2005-08-07,"Eval injection vulnerability in Karrigell before 2.1.8 allows remote attackers to execute arbitrary Python code via modified arguments to a Karrigell services (.ks) script, which can reference functio"
Developer Laptops,CVE-2005-2491,2.0,7.5,High,3,0.7,3.15,Low,2005-08-23,"Integer overflow in pcre_compile.c in Perl Compatible Regular Expressions (PCRE) before 6.2, as used in multiple products such as Python, Ethereal, and PHP, allows attackers to execute arbitrary code "
Developer Laptops,CVE-2005-2875,2.0,7.5,High,3,0.7,3.15,Low,2005-09-13,"Py2Play allows remote attackers to execute arbitrary Python code via pickled objects, which Py2Play unpickles and executes."
Developer Laptops,CVE-2005-3008,2.0,7.5,High,3,0.7,3.15,Low,2005-09-21,"Tofu 0.2 allows remote attackers to execute arbitrary Python code via crafted pickled objects, which Tofu unpickles and executes."
Internal HR Portal,CVE-1999-0058,2.0,7.5,High,2,0.7,2.1,Low,1997-04-17,"Buffer overflow in PHP cgi program, php.cgi allows shell access."
Internal HR Portal,CVE-1999-0238,2.0,10.0,Critical,2,0.7,2.8,Low,1997-08-01,php.cgi allows attackers to read any file on the system.
Internal HR Portal,CVE-1999-0346,2.0,5.0,Medium,2,0.7,1.4,Low,1997-10-16,CGI PHP mlog script allows an attacker to read any file on the target server.
Internal HR Portal,CVE-1999-0068,2.0,7.5,High,2,0.7,2.1,Low,1997-10-19,CGI PHP mylog script allows an attacker to read any file on the target server.
Internal HR Portal,CVE-2000-0059,2.0,10.0,Critical,2,0.7,2.8,Low,2000-01-04,"PHP3 with safe_mode enabled does not properly filter shell metacharacters from commands that are executed by popen, which could allow remote attackers to execute commands."
Internal HR Portal,CVE-2000-0745,2.0,7.5,High,2,0.7,2.1,Low,2000-10-20,"admin.php3 in PHP-Nuke does not properly verify the PHP-Nuke administrator password, which allows remote attackers to gain privileges by requesting a URL that does not specify the aid or pwd parameter"
Internal HR Portal,CVE-2000-0860,2.0,5.0,Medium,2,0.7,1.4,Low,2000-11-14,The file upload capability in PHP versions 3 and 4 allows remote attackers to read arbitrary files by setting hidden form fields whose names match the names of internal PHP script variables.
Internal HR Portal,CVE-2000-0919,2.0,5.0,Medium,2,0.7,1.4,Low,2000-12-19,Directory traversal vulnerability in PHPix Photo Album 1.0.2 and earlier allows remote attackers to read arbitrary files via a .. (dot dot) attack.
Internal HR Portal,CVE-2000-0967,2.0,10.0,Critical,2,0.7,2.8,Low,2000-12-19,"PHP 3 and 4 do not properly cleanse user-injected format strings, which allows remote attackers to execute arbitrary commands by triggering error messages that are improperly written to the error logs"
Internal HR Portal,CVE-2000-1230,2.0,5.0,Medium,2,0.7,1.4,Low,2000-12-31,"Backdoor in auth.php3 in Phorum 3.0.7 allows remote attackers to access restricted web pages via an HTTP request with the PHP_AUTH_USER parameter set to ""boogieman""."
